{"cameraMode":{"drawMode":3,"name":"Shadow Cascades","section":"Miscellaneous"},"sceneLighting":true,"audioPlay":false,"sceneViewState":{"showFog":true,"showMaterialUpdate":false,"showSkybox":true,"showFlares":true,"showImageEffects":true,"showParticleSystems":true},"in2DMode":false,"pivot":{"x":-21.410587310791017,"y":23.633544921875,"z":37.29998016357422},"rotation":{"x":-0.004433915019035339,"y":0.38766106963157656,"z":-0.001863920595496893,"w":-0.9217917919158936},"size":97.49819946289063,"orthographic":false}