{"cameraMode":{"drawMode":0,"name":"Shaded","section":"Shading Mode"},"sceneLighting":false,"audioPlay":false,"sceneViewState":{"showFog":true,"showMaterialUpdate":false,"showSkybox":false,"showFlares":true,"showImageEffects":true,"showParticleSystems":true},"in2DMode":false,"pivot":{"x":234.50140380859376,"y":373.5062255859375,"z":0.0},"rotation":{"x":0.4528796076774597,"y":0.05610395222902298,"z":-0.028568092733621599,"w":0.889350950717926},"size":1749.5648193359375,"orthographic":false}